"Oringinal text: Hello, my name is Eliana Gaul. It is nice to meet you!; Translated text from English to Spanish: Hola, mi nombre es Eliana Gaul. ¡Un gusto conocerte!"
"Oringinal text: Hello, my name is Eliana Gaul. It is nice to meet you!; Translated text from English to French: "
Oringinal text: Hello; Translated text from English to Spanish: Hola
"Oringinal text: Qué lindo que es caminar, 
bien tomados de la mano, 
por el barrio, por la plaza, 
¿qué sé yo?, por todos lados.

Qué lindo es mirar los árboles, 
bien tomados de la mano, 
desde el banco de la plaza, 
en el que estamos sentados.

Qué lindo es mirar el cielo 
bien tomados de la mano; 
en nuestros ojos, volando, 
dos pájaros reflejados. 

Qué lindo que es caminar 
bien tomados de la mano; 
¡qué lindo, andar por la vida 
de la mano bien tomados!; Translated text from Spanish to English: How nice it is to walk,
hand in hand,
through the neighborhood, through the park,
who knows, everywhere.

How nice it is to look at the trees,
holding hands,
from the park bench,
where we are sitting.

How nice it is to look at the sky
holding hands;
in our eyes, flying,
two reflected birds.

How nice it is to walk
holding hands;
how nice, to walk through life
holding hands!"
